timestamp,temperature,humidity
06-03-2020 13:49:46,16.6,50.4
06-03-2020 13:49:47,16.6,50.4
06-03-2020 13:49:50,16.6,50.4
06-03-2020 13:49:53,16.6,50.4
06-03-2020 13:49:53,16.6,50.5
06-03-2020 13:49:54,16.6,50.4
06-03-2020 13:49:54,16.6,50.4
06-03-2020 13:49:57,16.6,50.4
06-03-2020 13:50:05,16.6,50.4
06-03-2020 13:50:06,16.6,50.4
06-03-2020 13:50:07,16.6,50.4
06-03-2020 13:50:07,16.6,50.4
06-03-2020 13:50:08,16.6,50.4
06-03-2020 13:50:08,16.6,50.4
06-03-2020 13:50:09,16.6,50.4
06-03-2020 13:50:09,16.6,50.4
06-03-2020 13:50:10,16.6,50.4
06-03-2020 13:50:10,16.6,50.3
06-03-2020 13:50:11,16.6,50.4
06-03-2020 13:50:14,16.6,50.3
06-03-2020 13:50:17,16.6,50.3
06-03-2020 13:50:17,16.6,50.3
06-03-2020 13:50:18,16.6,50.3
06-03-2020 13:50:18,16.6,50.3
06-03-2020 13:53:03,16.6,50.3
06-03-2020 13:53:04,16.6,50.4
06-03-2020 13:53:04,16.6,50.5
06-03-2020 13:53:05,16.5,50.4
06-03-2020 13:53:05,16.5,50.4
06-03-2020 13:53:06,16.6,50.4
06-03-2020 13:53:06,16.5,50.4
06-03-2020 13:53:07,16.6,50.4
06-03-2020 13:53:10,16.6,50.4
06-03-2020 13:53:11,16.6,50.4
06-03-2020 13:53:11,16.5,50.3
06-03-2020 13:53:12,16.6,50.3
06-03-2020 13:53:12,16.6,50.3
06-03-2020 13:53:13,16.6,50.3
06-03-2020 13:53:13,16.6,51.0
06-03-2020 13:53:14,16.6,50.3
06-03-2020 13:53:14,16.5,50.3
06-03-2020 13:53:15,16.6,50.3
06-03-2020 13:53:18,16.6,50.3
06-03-2020 13:53:18,16.6,50.3
06-03-2020 13:53:19,16.6,50.3
06-03-2020 13:53:24,16.6,50.3
06-03-2020 13:53:25,16.6,50.3
06-03-2020 13:53:26,16.6,50.3
06-03-2020 13:53:26,16.6,50.3
06-03-2020 13:53:29,16.6,50.2
06-03-2020 13:53:30,16.6,50.3
06-03-2020 13:53:30,16.6,50.2
06-03-2020 13:53:31,16.6,50.3
06-03-2020 13:53:31,16.6,50.3
06-03-2020 13:53:32,16.6,50.2
06-03-2020 13:53:32,16.6,50.2
06-03-2020 13:53:33,16.6,50.2
06-03-2020 13:53:38,16.6,50.2
06-03-2020 13:53:39,16.6,50.2
06-03-2020 13:53:42,16.6,50.2
06-03-2020 13:53:42,16.6,50.2
06-03-2020 13:53:43,16.6,50.2
06-03-2020 13:53:49,16.6,50.2
06-03-2020 13:53:49,16.6,50.2
06-03-2020 13:53:50,16.6,50.2
06-03-2020 13:53:50,16.6,50.2
06-03-2020 13:53:51,16.6,50.2
06-03-2020 13:53:51,16.6,50.2
06-03-2020 13:53:52,16.6,50.2
06-03-2020 13:53:57,16.6,50.2
06-03-2020 13:53:58,16.6,50.2
06-03-2020 13:54:01,16.6,50.4
06-03-2020 13:54:01,16.6,50.2
06-03-2020 13:54:02,16.6,50.2
06-03-2020 13:54:03,16.6,50.2
06-03-2020 13:54:03,16.6,50.2
06-03-2020 13:54:06,16.6,50.2
06-03-2020 13:54:07,16.6,50.2
06-03-2020 13:54:07,16.6,50.2
06-03-2020 13:54:10,16.6,50.2
06-03-2020 13:54:11,16.6,50.2
06-03-2020 13:54:11,16.6,50.2
06-03-2020 13:54:14,16.6,50.0
06-03-2020 13:54:17,16.6,50.2
06-03-2020 13:54:18,16.6,49.7
06-03-2020 13:54:18,16.6,50.2
06-03-2020 13:54:19,16.6,50.2
06-03-2020 13:54:19,16.6,50.2
06-03-2020 13:54:20,16.6,50.2
06-03-2020 13:54:23,16.6,50.2
06-03-2020 13:54:24,16.6,50.2
06-03-2020 13:54:29,16.6,50.1
06-03-2020 13:54:30,16.6,50.2
06-03-2020 13:54:30,16.6,50.1
06-03-2020 13:54:31,16.6,50.1
06-03-2020 13:54:31,16.6,50.1
06-03-2020 13:54:32,16.6,50.1
06-03-2020 13:54:32,16.6,50.1
06-03-2020 13:54:33,16.6,50.8
06-03-2020 13:54:33,16.6,50.1
06-03-2020 13:54:34,16.6,50.1
06-03-2020 13:54:34,16.6,50.1
06-03-2020 13:54:35,16.6,50.1
06-03-2020 13:54:36,16.6,50.1
06-03-2020 13:54:36,16.6,50.1
06-03-2020 13:54:37,16.6,50.1
06-03-2020 13:54:37,16.6,50.1
06-03-2020 13:54:38,16.6,50.1
06-03-2020 13:54:38,16.6,50.1
06-03-2020 13:54:39,16.6,50.0
06-03-2020 13:54:39,16.6,50.1
06-03-2020 13:54:40,16.6,50.0
06-03-2020 13:54:50,16.6,50.1
06-03-2020 13:54:51,16.7,50.1
06-03-2020 13:54:51,16.6,50.0
06-03-2020 13:54:52,16.6,50.0
06-03-2020 13:54:55,16.6,50.1
06-03-2020 13:54:56,16.6,50.1
06-03-2020 13:55:01,16.6,49.7
06-03-2020 13:55:02,16.6,50.1
06-03-2020 13:55:02,16.6,50.1
06-03-2020 13:55:03,16.6,50.1
06-03-2020 13:55:03,16.6,50.1
06-03-2020 13:55:04,16.6,50.1
06-03-2020 13:55:04,16.6,50.1
06-03-2020 13:55:12,16.6,50.1
06-03-2020 13:55:13,16.6,50.1
06-03-2020 13:55:13,16.6,50.1
06-03-2020 13:55:14,16.6,50.1
06-03-2020 13:55:14,16.6,50.1
06-03-2020 13:55:15,16.6,50.1
06-03-2020 13:55:16,16.6,50.1
06-03-2020 13:55:16,16.6,50.1
06-03-2020 13:55:19,16.6,50.1
06-03-2020 13:55:20,16.6,50.1
06-03-2020 13:55:20,16.6,50.1
06-03-2020 13:55:21,16.6,50.1
06-03-2020 13:55:24,16.6,50.1
06-03-2020 13:55:27,16.6,50.1
06-03-2020 13:55:27,16.6,50.1
06-03-2020 13:55:28,16.6,50.1
06-03-2020 13:55:28,16.6,50.1
06-03-2020 13:55:29,16.6,50.1
06-03-2020 13:55:29,16.6,50.1
06-03-2020 13:55:30,16.6,50.1
06-03-2020 13:55:30,16.6,50.1
06-03-2020 13:55:31,16.6,50.1
06-03-2020 13:55:32,16.6,50.1
06-03-2020 13:55:32,16.6,50.1
06-03-2020 13:55:33,16.6,50.1
06-03-2020 13:55:36,16.6,50.1
06-03-2020 13:55:36,16.6,50.0
06-03-2020 13:55:37,16.6,50.1
06-03-2020 13:55:37,16.6,50.0
06-03-2020 13:55:38,16.6,50.0
06-03-2020 13:55:38,16.6,50.0
06-03-2020 13:55:39,16.6,50.0
06-03-2020 13:55:42,16.6,50.0
06-03-2020 13:55:42,16.6,50.0
06-03-2020 13:55:43,16.6,50.0
06-03-2020 13:55:43,16.6,50.0
06-03-2020 13:55:44,16.6,50.0
06-03-2020 13:55:44,16.6,50.0
06-03-2020 13:55:45,16.6,50.0
06-03-2020 13:55:46,16.6,50.0
06-03-2020 13:55:46,16.6,49.9
06-03-2020 13:55:47,16.6,49.9
06-03-2020 13:55:47,16.6,49.9
06-03-2020 13:55:48,16.6,49.9
06-03-2020 13:55:48,16.6,49.9
06-03-2020 13:55:49,16.6,50.0
06-03-2020 13:55:49,16.6,49.9
06-03-2020 13:55:50,16.6,49.9
06-03-2020 13:55:50,16.6,49.9
06-03-2020 13:55:51,16.6,49.9
06-03-2020 13:55:51,16.6,49.9
06-03-2020 13:55:52,16.6,49.9
06-03-2020 13:55:55,16.6,49.9
06-03-2020 13:55:55,16.6,49.9
06-03-2020 13:55:56,16.6,49.9
06-03-2020 13:55:59,16.6,49.9
06-03-2020 13:56:00,16.7,50.0
06-03-2020 13:56:03,16.6,49.9
06-03-2020 13:56:03,16.6,49.9
06-03-2020 13:56:04,16.6,49.9
06-03-2020 13:56:04,16.6,49.9
06-03-2020 13:56:07,16.6,49.9
06-03-2020 13:56:08,16.6,50.0
06-03-2020 13:56:08,16.6,49.9
06-03-2020 13:56:11,16.6,50.0
06-03-2020 13:56:12,16.6,50.0
06-03-2020 13:56:12,16.6,50.0
06-03-2020 13:56:13,16.6,50.0
06-03-2020 13:56:13,16.6,50.0
06-03-2020 13:56:14,16.6,50.0
06-03-2020 13:56:15,16.6,50.0
06-03-2020 13:56:15,16.7,50.0
06-03-2020 13:56:16,16.6,50.0
06-03-2020 13:56:16,16.6,50.0
06-03-2020 13:56:17,16.6,50.0
06-03-2020 13:56:17,16.6,50.0
06-03-2020 13:56:18,16.7,50.0
06-03-2020 13:56:18,16.6,50.0
06-03-2020 13:56:19,16.6,50.0
06-03-2020 13:56:19,16.6,50.0
06-03-2020 13:56:25,16.7,50.1
06-03-2020 13:56:25,16.6,50.0
06-03-2020 13:56:26,16.6,50.0
06-03-2020 13:56:26,16.6,50.0
06-03-2020 13:56:27,16.6,50.0
06-03-2020 13:56:27,16.7,50.0
06-03-2020 13:56:28,16.6,50.0
06-03-2020 13:56:29,16.6,50.0
06-03-2020 13:56:29,16.6,50.0
06-03-2020 13:56:30,16.6,50.0
06-03-2020 13:56:30,16.7,50.0
06-03-2020 13:56:31,16.6,50.0
06-03-2020 13:56:34,16.6,49.9
06-03-2020 13:56:34,16.7,50.0
06-03-2020 13:56:37,16.6,49.9
06-03-2020 13:56:45,16.6,50.0
06-03-2020 13:56:51,16.6,50.0
06-03-2020 13:56:51,16.7,50.0
06-03-2020 13:56:55,16.7,50.0
06-03-2020 13:56:55,16.7,50.0
06-03-2020 13:56:56,16.6,50.0
06-03-2020 13:56:56,16.7,50.0
06-03-2020 13:57:02,16.6,50.0
06-03-2020 13:57:02,16.7,50.0
06-03-2020 13:57:03,16.7,50.0
06-03-2020 13:57:06,16.6,49.9
06-03-2020 13:57:09,16.6,50.0
06-03-2020 13:57:09,16.7,50.0
06-03-2020 13:57:10,16.6,50.0
06-03-2020 13:57:10,16.6,49.9
06-03-2020 13:57:11,16.6,49.9
06-03-2020 13:57:14,16.6,50.0
06-03-2020 13:57:20,16.7,50.0
06-03-2020 13:57:20,16.6,50.0
06-03-2020 13:57:21,16.6,50.0
06-03-2020 13:57:21,16.6,50.0
06-03-2020 13:57:22,16.6,49.9
06-03-2020 13:57:22,16.7,50.0
06-03-2020 13:57:23,16.6,50.0
06-03-2020 13:57:31,16.6,50.0
06-03-2020 13:57:31,16.6,50.0
06-03-2020 13:57:32,16.6,50.0
06-03-2020 13:57:35,16.6,49.9
06-03-2020 13:57:36,16.7,50.0
06-03-2020 13:57:36,16.6,50.0
06-03-2020 13:57:37,16.6,49.9
06-03-2020 13:57:37,16.6,49.9
06-03-2020 13:57:38,16.6,49.9
06-03-2020 13:57:38,16.6,49.9
06-03-2020 13:57:44,16.6,50.0
06-03-2020 13:57:44,16.7,50.0
06-03-2020 13:57:52,16.6,50.0
06-03-2020 13:57:53,16.6,50.0
06-03-2020 13:57:53,16.6,50.0
06-03-2020 13:57:54,16.6,50.0
06-03-2020 13:57:54,16.6,50.0
06-03-2020 13:57:55,16.6,50.0
06-03-2020 13:57:56,16.6,50.0
06-03-2020 13:57:56,16.6,50.0
06-03-2020 13:57:57,16.6,50.0
06-03-2020 13:57:57,16.6,50.0
06-03-2020 13:57:58,16.6,50.0
06-03-2020 13:57:58,16.6,50.0
06-03-2020 13:57:59,16.6,50.0
06-03-2020 13:57:59,16.6,50.0
06-03-2020 13:58:00,16.6,50.0
06-03-2020 13:58:00,16.6,50.0
06-03-2020 13:58:01,16.6,50.0
06-03-2020 13:58:01,16.6,50.0
06-03-2020 13:58:02,16.6,50.0
06-03-2020 13:58:05,16.6,50.0
06-03-2020 13:58:05,16.6,50.0
06-03-2020 13:58:06,16.6,50.0
06-03-2020 13:58:06,16.6,50.0
06-03-2020 13:58:07,16.6,50.0
06-03-2020 13:58:10,16.6,50.0
06-03-2020 13:58:11,16.6,50.0
06-03-2020 13:58:14,16.6,49.9
06-03-2020 13:58:14,16.7,50.0
06-03-2020 13:58:17,16.6,49.9
06-03-2020 13:58:18,16.6,49.9
06-03-2020 13:58:21,16.6,49.9
06-03-2020 13:58:21,16.7,50.0
06-03-2020 13:58:22,16.7,50.0
06-03-2020 13:58:22,16.6,49.9
06-03-2020 13:58:23,16.7,50.0
06-03-2020 13:58:23,16.6,49.9
06-03-2020 13:58:26,16.6,49.9
06-03-2020 13:58:27,16.7,50.0
06-03-2020 13:58:28,16.6,49.9
06-03-2020 13:58:28,16.7,50.0
06-03-2020 13:58:29,16.6,49.9
06-03-2020 13:58:29,16.6,49.9
06-03-2020 13:58:30,16.7,49.9
06-03-2020 13:58:33,16.6,49.9
06-03-2020 13:58:33,16.6,49.9
06-03-2020 13:58:36,16.6,49.9
06-03-2020 13:58:37,16.7,50.0
06-03-2020 13:58:40,16.6,49.9
06-03-2020 13:58:40,16.6,49.9
06-03-2020 13:58:41,16.6,49.9
06-03-2020 13:58:41,16.6,49.9
06-03-2020 13:58:42,16.6,49.9
06-03-2020 13:58:43,16.7,49.9
06-03-2020 13:58:46,16.7,50.0
06-03-2020 13:58:46,16.7,50.0
06-03-2020 13:58:49,16.6,49.9
06-03-2020 13:58:52,16.7,50.0
06-03-2020 13:58:53,16.6,49.9
06-03-2020 13:58:53,16.6,49.9
06-03-2020 13:58:54,16.7,50.0
06-03-2020 13:58:57,16.7,50.0
06-03-2020 13:58:57,16.6,49.9
06-03-2020 13:58:58,16.7,50.0
06-03-2020 13:58:58,16.6,49.9
06-03-2020 13:58:59,16.6,49.9
06-03-2020 13:58:59,16.7,50.0
06-03-2020 13:59:00,16.6,49.9
06-03-2020 13:59:03,16.6,49.9
06-03-2020 13:59:04,16.6,49.9
06-03-2020 13:59:04,16.7,50.0
06-03-2020 13:59:05,16.6,49.9
06-03-2020 13:59:05,16.7,50.0
06-03-2020 13:59:06,16.6,49.9
06-03-2020 13:59:14,16.6,49.9
06-03-2020 13:59:14,16.7,50.0
06-03-2020 13:59:15,16.7,50.0
06-03-2020 13:59:15,16.7,50.0
06-03-2020 13:59:18,16.7,50.0
06-03-2020 13:59:19,16.7,50.0
06-03-2020 13:59:20,16.6,49.9
06-03-2020 13:59:20,16.6,49.9
06-03-2020 13:59:21,16.7,50.0
06-03-2020 13:59:21,16.6,49.9
06-03-2020 13:59:22,16.7,50.0
06-03-2020 13:59:22,16.7,50.0
06-03-2020 13:59:23,16.6,49.9
06-03-2020 13:59:23,16.7,50.0
06-03-2020 13:59:24,16.7,50.0
06-03-2020 13:59:24,16.6,49.9
06-03-2020 13:59:25,16.6,49.9
06-03-2020 13:59:25,16.7,50.0
06-03-2020 13:59:28,16.7,50.0
06-03-2020 13:59:29,16.7,50.0
06-03-2020 13:59:29,16.6,49.9
06-03-2020 13:59:30,16.7,50.0
06-03-2020 13:59:30,16.7,50.0
06-03-2020 13:59:31,16.6,49.9
06-03-2020 13:59:32,16.7,50.0
06-03-2020 13:59:32,16.7,50.0
06-03-2020 13:59:33,16.6,49.9
06-03-2020 13:59:33,16.6,49.9
06-03-2020 13:59:34,16.6,49.9
06-03-2020 13:59:39,16.7,50.1
06-03-2020 13:59:40,16.7,50.0
06-03-2020 13:59:43,16.6,49.9
06-03-2020 13:59:43,16.7,50.0
06-03-2020 13:59:51,16.7,50.0
06-03-2020 13:59:52,16.7,50.0
06-03-2020 13:59:52,16.7,50.0
06-03-2020 13:59:53,16.7,50.0
06-03-2020 13:59:54,16.6,49.9
06-03-2020 13:59:54,16.7,50.0
06-03-2020 13:59:55,16.7,49.9
06-03-2020 13:59:55,16.6,49.9
06-03-2020 13:59:56,16.6,49.9
06-03-2020 14:00:01,16.7,50.0
06-03-2020 14:00:02,16.7,50.0
06-03-2020 14:00:02,16.7,49.9
06-03-2020 14:00:03,16.6,49.9
06-03-2020 14:00:06,16.6,49.9
06-03-2020 14:00:06,16.7,50.0
06-03-2020 14:00:07,16.6,49.9
06-03-2020 14:00:12,16.7,50.0
06-03-2020 14:00:13,16.7,50.0
06-03-2020 14:00:16,16.7,50.0
06-03-2020 14:00:17,16.7,50.2
06-03-2020 14:00:17,16.6,49.9
06-03-2020 14:00:18,16.6,49.9
06-03-2020 14:00:18,16.6,49.9
06-03-2020 14:00:19,16.6,49.9
06-03-2020 14:00:19,16.7,50.0
06-03-2020 14:00:20,16.7,50.0
06-03-2020 14:00:23,16.7,50.0
06-03-2020 14:00:26,16.7,50.0
06-03-2020 14:00:26,16.6,49.9
06-03-2020 14:00:27,16.7,49.9
06-03-2020 14:00:27,16.6,49.9
06-03-2020 14:00:28,16.7,49.9
06-03-2020 14:00:29,16.7,49.9
06-03-2020 14:00:29,16.7,49.9
06-03-2020 14:00:30,16.6,49.9
06-03-2020 14:00:30,16.7,49.9
06-03-2020 14:00:31,16.6,49.9
06-03-2020 14:00:31,16.7,49.9
06-03-2020 14:00:32,16.6,49.9
06-03-2020 14:00:35,16.6,49.9
06-03-2020 14:00:35,16.7,49.9
06-03-2020 14:00:36,16.7,49.9
06-03-2020 14:00:46,16.7,49.9
06-03-2020 14:00:47,16.7,49.9
06-03-2020 14:00:47,16.7,49.9
06-03-2020 14:00:48,16.7,49.9
06-03-2020 14:00:49,16.7,49.9
06-03-2020 14:00:49,16.6,49.9
06-03-2020 14:00:50,16.7,49.9
06-03-2020 14:00:50,16.6,49.8
06-03-2020 14:00:51,16.7,49.9
06-03-2020 14:00:51,16.6,49.8
06-03-2020 14:00:52,16.6,49.8
06-03-2020 14:00:52,16.6,49.8
06-03-2020 14:00:53,16.6,49.8
06-03-2020 14:00:53,16.6,49.8
06-03-2020 14:00:56,16.7,49.9
06-03-2020 14:00:59,16.6,49.9
06-03-2020 14:01:00,16.7,49.9
06-03-2020 14:01:03,16.7,49.9
06-03-2020 14:01:03,16.7,49.9
06-03-2020 14:01:04,16.6,49.9
06-03-2020 14:01:05,16.7,49.9
06-03-2020 14:01:05,16.6,49.9
06-03-2020 14:01:06,16.7,49.9
06-03-2020 14:01:11,16.7,49.9
06-03-2020 14:01:12,16.7,50.0
06-03-2020 14:01:12,16.7,49.9
06-03-2020 14:01:13,16.6,49.9
06-03-2020 14:01:13,16.6,49.9
06-03-2020 14:01:16,16.6,49.9
06-03-2020 14:01:19,16.6,49.9
06-03-2020 14:01:20,16.7,50.0
06-03-2020 14:01:20,16.6,49.9
06-03-2020 14:01:21,16.7,49.9
06-03-2020 14:01:21,16.6,49.9
06-03-2020 14:01:22,16.6,49.9
06-03-2020 14:01:23,16.6,49.9
06-03-2020 14:01:23,16.7,49.9
06-03-2020 14:01:24,16.6,49.9
06-03-2020 14:01:24,16.6,49.9
06-03-2020 14:01:25,16.7,49.9
06-03-2020 14:01:25,16.6,49.9
06-03-2020 14:01:28,16.7,49.9
06-03-2020 14:01:29,16.7,49.9
06-03-2020 14:01:29,16.6,49.9
06-03-2020 14:01:30,16.6,49.9
06-03-2020 14:01:30,16.7,49.9
06-03-2020 14:01:33,16.7,49.9
06-03-2020 14:01:34,16.7,49.9
06-03-2020 14:01:34,16.7,49.9
06-03-2020 14:01:38,16.6,49.9
06-03-2020 14:01:38,16.7,49.9
06-03-2020 14:01:39,16.6,49.9
06-03-2020 14:01:39,16.6,49.9
06-03-2020 14:01:42,16.6,49.9
06-03-2020 14:01:45,16.7,49.9
06-03-2020 14:01:46,16.7,49.9
06-03-2020 14:01:46,16.6,49.9
06-03-2020 14:01:54,16.7,49.9
06-03-2020 14:01:55,16.7,50.0
06-03-2020 14:01:55,16.7,49.9
06-03-2020 14:01:56,16.7,49.9
06-03-2020 14:01:56,16.6,49.9
06-03-2020 14:01:57,16.7,49.9
06-03-2020 14:01:58,16.7,49.9
06-03-2020 14:02:01,16.6,49.9
06-03-2020 14:02:01,16.7,49.9
06-03-2020 14:02:02,16.6,49.9
06-03-2020 14:02:02,16.7,49.9
06-03-2020 14:02:03,16.6,49.9
06-03-2020 14:02:03,16.7,49.9
06-03-2020 14:02:04,16.6,49.9
06-03-2020 14:02:04,16.6,49.9
06-03-2020 14:02:12,16.7,49.9
06-03-2020 14:02:13,16.7,49.9
06-03-2020 14:02:13,16.7,49.9
06-03-2020 14:02:14,16.6,49.9
06-03-2020 14:02:14,16.7,49.9
06-03-2020 14:02:15,16.7,49.9
06-03-2020 14:02:16,16.7,49.9
06-03-2020 14:02:19,16.6,49.9
06-03-2020 14:02:22,16.7,49.9
06-03-2020 14:02:25,16.6,49.9
06-03-2020 14:02:25,16.7,49.9
06-03-2020 14:02:26,16.7,49.9
06-03-2020 14:02:26,16.7,49.9
06-03-2020 14:02:37,16.7,49.9
06-03-2020 14:02:37,16.7,49.9
06-03-2020 14:02:38,16.7,49.9
06-03-2020 14:02:38,16.7,49.9
06-03-2020 14:02:42,16.7,49.9
06-03-2020 14:02:45,16.6,49.9
06-03-2020 14:02:45,16.7,49.9
06-03-2020 14:02:46,16.6,49.9
06-03-2020 14:02:46,16.6,49.9
06-03-2020 14:02:47,16.6,49.9
06-03-2020 14:02:47,16.7,49.9
06-03-2020 14:02:58,16.7,50.0
06-03-2020 14:02:58,16.7,50.0
06-03-2020 14:02:59,16.6,49.9
06-03-2020 14:02:59,16.7,50.0
06-03-2020 14:03:00,16.7,50.0
06-03-2020 14:03:01,16.6,49.9
06-03-2020 14:03:01,16.6,49.9
06-03-2020 14:03:02,16.6,49.9
06-03-2020 14:03:02,16.6,49.9
06-03-2020 14:03:03,16.6,49.9
06-03-2020 14:03:03,16.6,49.9
06-03-2020 14:03:04,16.6,49.9
06-03-2020 14:03:04,16.6,49.9
06-03-2020 14:03:05,16.7,49.9
06-03-2020 14:03:05,16.6,49.9
06-03-2020 14:03:11,16.7,50.0
06-03-2020 14:03:11,16.6,49.9
06-03-2020 14:03:12,16.6,49.9
06-03-2020 14:03:12,16.7,49.9
06-03-2020 14:03:13,16.6,49.9
06-03-2020 14:03:16,16.7,49.9
06-03-2020 14:03:17,16.7,49.9
06-03-2020 14:03:17,16.6,49.9
06-03-2020 14:03:18,16.6,49.9
06-03-2020 14:03:21,16.7,49.9
06-03-2020 14:03:21,16.7,49.9
06-03-2020 14:03:22,16.6,49.9
06-03-2020 14:03:22,16.6,49.9
06-03-2020 14:03:23,16.7,49.9
06-03-2020 14:03:26,16.6,49.9
06-03-2020 14:03:26,16.7,49.9
06-03-2020 14:03:27,16.6,49.9
06-03-2020 14:03:27,16.6,49.9
06-03-2020 14:03:28,16.6,49.9
06-03-2020 14:03:28,16.7,49.9
06-03-2020 14:03:29,16.6,49.9
06-03-2020 14:03:29,16.6,49.8
06-03-2020 14:03:30,16.6,49.9
06-03-2020 14:03:31,16.6,49.9
06-03-2020 14:03:34,16.6,49.8
06-03-2020 14:03:34,16.7,49.9
06-03-2020 14:03:35,16.6,49.9
06-03-2020 14:03:35,16.7,49.9
06-03-2020 14:03:36,16.6,49.9
06-03-2020 14:03:36,16.6,49.9
06-03-2020 14:03:37,16.6,49.8
06-03-2020 14:03:37,16.7,49.9
06-03-2020 14:03:38,16.7,49.9
06-03-2020 14:03:38,16.6,49.8
06-03-2020 14:03:39,16.7,49.9
06-03-2020 14:03:44,16.7,49.9
06-03-2020 14:03:50,16.7,49.9
06-03-2020 14:03:51,16.7,49.9
06-03-2020 14:03:54,16.6,49.9
06-03-2020 14:03:54,16.7,49.9
06-03-2020 14:03:55,16.6,49.9
06-03-2020 14:03:55,16.7,49.9
06-03-2020 14:03:56,16.6,49.9
06-03-2020 14:03:56,16.6,49.9
06-03-2020 14:03:57,16.6,49.9
06-03-2020 14:03:57,16.6,49.9
06-03-2020 14:03:58,16.6,49.9
06-03-2020 14:03:58,16.7,49.9
06-03-2020 14:03:59,16.6,49.9
06-03-2020 14:04:02,16.7,49.9
06-03-2020 14:04:05,16.6,49.9
06-03-2020 14:04:08,16.6,49.9
06-03-2020 14:04:11,16.7,50.0
06-03-2020 14:04:12,16.7,50.0
06-03-2020 14:04:15,16.6,49.9
06-03-2020 14:04:15,16.7,50.0
06-03-2020 14:04:18,16.7,50.0
06-03-2020 14:04:21,16.6,50.0
06-03-2020 14:04:22,16.6,50.0
06-03-2020 14:04:25,16.7,50.0
06-03-2020 14:04:25,16.7,50.0
06-03-2020 14:04:28,16.6,49.9
06-03-2020 14:04:29,16.7,50.0
06-03-2020 14:04:30,16.6,49.9
06-03-2020 14:04:30,16.7,50.0
06-03-2020 14:04:31,16.7,50.0
06-03-2020 14:04:31,16.6,49.9
06-03-2020 14:04:32,16.7,50.0
06-03-2020 14:04:32,16.7,50.0
06-03-2020 14:04:33,16.7,49.9
06-03-2020 14:04:36,16.6,49.9
06-03-2020 14:04:41,16.7,49.9
06-03-2020 14:04:42,16.7,49.9
06-03-2020 14:04:45,16.6,49.8
06-03-2020 14:04:45,16.6,49.8
06-03-2020 14:04:46,16.6,49.8
06-03-2020 14:04:49,16.6,49.8
06-03-2020 14:04:50,16.7,49.9
06-03-2020 14:04:50,16.7,49.9
06-03-2020 14:04:51,16.6,49.8
06-03-2020 14:04:51,16.6,49.8
06-03-2020 14:04:52,16.6,49.8
06-03-2020 14:04:52,16.6,49.8
06-03-2020 14:04:53,16.6,49.8
06-03-2020 14:04:53,16.7,49.8
06-03-2020 14:04:54,16.7,49.8
06-03-2020 14:04:57,16.6,49.8
06-03-2020 14:05:02,16.7,49.9
06-03-2020 14:05:03,16.7,49.9
06-03-2020 14:05:03,16.7,49.9
06-03-2020 14:05:04,16.6,49.8
06-03-2020 14:05:05,16.6,49.8
06-03-2020 14:05:05,16.6,49.8
06-03-2020 14:05:08,16.7,49.9
06-03-2020 14:05:09,16.7,49.9
06-03-2020 14:05:09,16.6,49.8
06-03-2020 14:05:10,16.6,49.8
06-03-2020 14:05:10,16.7,49.9
06-03-2020 14:05:11,16.6,49.8
06-03-2020 14:05:11,16.7,49.9
06-03-2020 14:05:12,16.7,49.9
06-03-2020 14:05:15,16.6,49.8
06-03-2020 14:05:18,16.7,49.9
06-03-2020 14:05:18,16.7,49.9
06-03-2020 14:05:19,16.6,49.8
06-03-2020 14:05:19,16.7,49.9
06-03-2020 14:05:20,16.6,49.8
06-03-2020 14:05:23,16.6,49.8
06-03-2020 14:05:24,16.7,49.9
06-03-2020 14:05:27,16.7,49.9
06-03-2020 14:05:27,16.7,49.9
06-03-2020 14:05:28,16.7,49.9
06-03-2020 14:05:28,16.6,49.9
06-03-2020 14:05:29,16.6,49.8
06-03-2020 14:05:29,16.7,49.9
06-03-2020 14:05:30,16.6,49.8
06-03-2020 14:05:30,16.7,49.9
06-03-2020 14:05:31,16.6,49.8
06-03-2020 14:05:39,16.7,49.9
06-03-2020 14:05:45,16.7,50.0
06-03-2020 14:05:45,16.6,49.9
06-03-2020 14:05:46,16.6,49.9
06-03-2020 14:05:46,16.6,49.9
06-03-2020 14:05:47,16.7,50.0
06-03-2020 14:05:47,16.6,49.9
06-03-2020 14:05:48,16.6,49.9
06-03-2020 14:05:48,16.6,49.9
06-03-2020 14:05:51,16.6,49.9
06-03-2020 14:05:52,16.6,50.0
06-03-2020 14:05:55,16.6,50.0
06-03-2020 14:05:55,16.6,50.0
06-03-2020 14:05:56,16.6,50.0
06-03-2020 14:05:56,16.6,50.0
06-03-2020 14:05:57,16.7,50.0
06-03-2020 14:06:00,16.6,50.0
06-03-2020 14:06:01,16.6,50.0
06-03-2020 14:06:01,16.6,50.0
06-03-2020 14:06:02,16.6,50.0
06-03-2020 14:06:02,16.6,49.9
06-03-2020 14:06:05,16.7,50.0
06-03-2020 14:06:06,16.7,50.8
06-03-2020 14:06:06,16.6,50.0
06-03-2020 14:06:12,16.7,50.0
06-03-2020 14:06:15,16.6,50.0
06-03-2020 14:06:18,16.6,49.9
06-03-2020 14:06:18,16.7,50.0
06-03-2020 14:06:19,16.6,49.9
06-03-2020 14:06:20,16.7,50.0
06-03-2020 14:06:20,16.6,49.9
06-03-2020 14:06:21,16.6,49.9
06-03-2020 14:06:21,16.6,49.9
06-03-2020 14:06:22,16.7,50.0
06-03-2020 14:06:22,16.6,49.9
06-03-2020 14:06:23,16.7,50.0
06-03-2020 14:06:23,16.6,49.9
06-03-2020 14:06:24,16.6,49.9
06-03-2020 14:06:24,16.6,49.9
06-03-2020 14:06:25,16.6,49.9
06-03-2020 14:06:28,16.6,49.9
06-03-2020 14:06:31,16.6,49.9
06-03-2020 14:06:34,16.6,49.8
06-03-2020 14:06:34,16.7,49.9
06-03-2020 14:06:38,16.7,49.9
06-03-2020 14:06:38,16.7,49.9
06-03-2020 14:06:46,16.7,49.9
06-03-2020 14:06:47,16.7,49.9
06-03-2020 14:06:47,16.6,49.8
06-03-2020 14:06:48,16.6,49.8
06-03-2020 14:06:48,16.6,49.8
06-03-2020 14:06:49,16.6,49.8
06-03-2020 14:06:49,16.6,49.8
06-03-2020 14:06:52,16.6,49.8
06-03-2020 14:06:53,16.7,49.9
06-03-2020 14:06:53,16.6,49.9
06-03-2020 14:06:54,16.6,49.8
06-03-2020 14:06:54,16.6,49.8
06-03-2020 14:06:55,16.6,49.9
06-03-2020 14:06:56,16.6,49.9
06-03-2020 14:06:56,16.6,49.9
06-03-2020 14:06:57,16.6,49.8
06-03-2020 14:06:57,16.6,49.9
06-03-2020 14:06:58,16.6,49.8
06-03-2020 14:06:58,16.7,49.9
06-03-2020 14:06:59,16.6,49.9
06-03-2020 14:06:59,16.6,49.8
06-03-2020 14:07:00,16.6,49.9
06-03-2020 14:07:00,16.7,49.9
06-03-2020 14:07:01,16.6,49.9
06-03-2020 14:07:01,16.6,49.8
06-03-2020 14:07:02,16.6,49.8
06-03-2020 14:07:02,16.7,49.9
06-03-2020 14:07:03,16.6,49.8
06-03-2020 14:07:03,16.7,49.9
06-03-2020 14:07:06,16.6,49.8
06-03-2020 14:07:07,16.7,49.9
06-03-2020 14:07:08,16.6,49.8
06-03-2020 14:07:11,16.7,49.9
06-03-2020 14:07:14,16.7,49.9
06-03-2020 14:07:14,16.7,49.9
06-03-2020 14:07:17,16.6,49.9
06-03-2020 14:07:18,16.6,49.9
06-03-2020 14:07:18,16.7,49.9
06-03-2020 14:07:21,16.6,49.9
06-03-2020 14:07:24,16.6,49.9
06-03-2020 14:07:25,16.7,49.9
06-03-2020 14:07:25,16.7,49.9
06-03-2020 14:07:26,16.7,49.9
06-03-2020 14:07:27,16.7,49.9
06-03-2020 14:07:27,16.7,49.9
06-03-2020 14:07:28,16.7,49.9
06-03-2020 14:07:28,16.7,49.9
06-03-2020 14:07:29,16.6,49.9
06-03-2020 14:07:29,16.7,49.9
06-03-2020 14:07:30,16.6,49.9
06-03-2020 14:07:30,16.7,49.9
06-03-2020 14:07:33,16.7,49.9
06-03-2020 14:07:36,16.7,49.9
06-03-2020 14:07:37,16.7,49.9
06-03-2020 14:07:40,16.6,49.8
06-03-2020 14:07:43,16.7,49.9
06-03-2020 14:07:46,16.6,49.8
06-03-2020 14:07:47,16.7,49.9
06-03-2020 14:07:50,16.7,49.9
06-03-2020 14:07:53,16.7,49.9
06-03-2020 14:07:53,16.7,49.9
06-03-2020 14:07:54,16.6,49.8
06-03-2020 14:07:54,16.6,49.8
06-03-2020 14:07:55,16.7,49.9
06-03-2020 14:07:55,16.6,49.8
06-03-2020 14:07:56,16.7,49.9
06-03-2020 14:07:56,16.6,49.8
06-03-2020 14:07:59,16.7,49.9
06-03-2020 14:08:00,16.7,49.9
06-03-2020 14:08:00,16.6,49.8
06-03-2020 14:08:01,16.7,49.9
06-03-2020 14:08:01,16.7,49.9
06-03-2020 14:08:02,16.7,49.9
06-03-2020 14:08:03,16.6,49.8
06-03-2020 14:08:03,16.6,49.8
06-03-2020 14:08:04,16.7,49.9
06-03-2020 14:08:07,16.7,49.8
06-03-2020 14:08:07,16.7,49.9
06-03-2020 14:08:08,16.7,49.9
06-03-2020 14:08:08,16.7,49.8
06-03-2020 14:08:09,16.7,49.8
06-03-2020 14:08:09,16.6,49.8
06-03-2020 14:08:10,16.6,49.8
06-03-2020 14:08:13,16.6,49.8
06-03-2020 14:08:13,16.6,49.8
06-03-2020 14:08:14,16.7,49.8
06-03-2020 14:08:14,16.7,49.8
06-03-2020 14:08:15,16.7,49.8
06-03-2020 14:08:15,16.7,49.8
06-03-2020 14:08:16,16.7,49.8
06-03-2020 14:08:17,16.7,49.8
06-03-2020 14:08:17,16.7,49.8
06-03-2020 14:08:18,16.7,49.8
06-03-2020 14:08:18,16.6,49.8
06-03-2020 14:08:21,16.7,49.8
06-03-2020 14:08:22,16.7,49.8
06-03-2020 14:08:27,16.7,49.8
06-03-2020 14:08:28,16.7,49.8
06-03-2020 14:08:28,16.7,49.8
06-03-2020 14:08:29,16.7,49.8
06-03-2020 14:08:32,16.7,49.8
06-03-2020 14:08:32,16.7,49.8
06-03-2020 14:08:33,16.7,49.8
06-03-2020 14:08:34,16.7,49.8
06-03-2020 14:08:34,16.7,49.8
06-03-2020 14:08:35,16.6,49.8
06-03-2020 14:08:35,16.7,49.8
06-03-2020 14:08:36,16.6,49.8
06-03-2020 14:08:41,16.7,49.8
06-03-2020 14:08:42,16.7,49.8
06-03-2020 14:08:42,16.7,49.8
06-03-2020 14:08:43,16.7,49.8
06-03-2020 14:08:43,16.6,49.8
06-03-2020 14:08:44,16.7,49.8
06-03-2020 14:08:44,16.6,49.8
06-03-2020 14:08:45,16.7,49.8
06-03-2020 14:08:45,16.7,49.8
06-03-2020 14:08:48,16.7,49.8
06-03-2020 14:08:49,16.6,49.7
06-03-2020 14:08:52,16.7,49.8
06-03-2020 14:08:53,16.7,49.8
06-03-2020 14:08:53,16.7,49.8
06-03-2020 14:08:54,16.7,49.8
06-03-2020 14:08:54,16.7,49.8
06-03-2020 14:08:55,16.6,49.7
06-03-2020 14:08:55,16.7,49.8
06-03-2020 14:08:56,16.6,49.7
06-03-2020 14:08:56,16.7,49.8
06-03-2020 14:08:57,16.7,49.8
06-03-2020 14:08:57,16.6,49.7
06-03-2020 14:09:05,16.7,49.8
06-03-2020 14:09:06,16.7,49.9
06-03-2020 14:09:06,16.6,49.8
06-03-2020 14:09:07,16.7,49.8
06-03-2020 14:09:13,16.6,49.8
06-03-2020 14:09:13,16.7,49.9
06-03-2020 14:09:16,16.7,49.9
06-03-2020 14:09:17,16.7,49.9
06-03-2020 14:09:17,16.7,49.9
06-03-2020 14:09:18,16.7,49.9
06-03-2020 14:09:18,16.6,49.9
06-03-2020 14:09:19,16.7,49.9
06-03-2020 14:09:24,16.6,49.9
06-03-2020 14:09:25,16.7,49.9
06-03-2020 14:09:28,16.7,49.9
06-03-2020 14:09:29,16.7,49.9
06-03-2020 14:09:32,16.7,49.9
06-03-2020 14:09:35,16.7,49.9
06-03-2020 14:09:38,16.6,49.9
06-03-2020 14:09:38,16.7,50.0
06-03-2020 14:09:39,16.7,49.9
06-03-2020 14:09:39,16.7,49.9
06-03-2020 14:09:42,16.7,49.9
06-03-2020 14:09:45,16.6,49.9
06-03-2020 14:09:46,16.6,49.9
06-03-2020 14:09:46,16.7,49.9
06-03-2020 14:09:47,16.7,50.0
06-03-2020 14:09:47,16.7,49.9
06-03-2020 14:09:48,16.6,49.9
06-03-2020 14:09:49,16.6,49.9
06-03-2020 14:09:49,16.7,49.9
06-03-2020 14:09:50,16.6,49.9
06-03-2020 14:09:50,16.6,49.9
06-03-2020 14:09:51,16.6,49.9
06-03-2020 14:09:51,16.7,49.9
06-03-2020 14:09:54,16.7,49.9
06-03-2020 14:09:55,16.7,49.9
06-03-2020 14:09:55,16.6,49.9
06-03-2020 14:09:56,16.6,49.9
06-03-2020 14:09:56,16.6,49.9
06-03-2020 14:09:57,16.6,49.9
06-03-2020 14:09:57,16.7,49.9
06-03-2020 14:09:58,16.7,49.9
06-03-2020 14:09:58,16.7,49.9
06-03-2020 14:09:59,16.6,49.9
06-03-2020 14:09:59,16.6,49.9
06-03-2020 14:10:00,16.6,49.9
06-03-2020 14:10:01,16.6,49.9
06-03-2020 14:10:01,16.7,49.9
06-03-2020 14:10:04,16.6,49.9
06-03-2020 14:10:05,16.7,49.9
06-03-2020 14:10:10,16.7,49.9
06-03-2020 14:10:11,16.7,49.9
06-03-2020 14:10:11,16.6,49.9
06-03-2020 14:10:14,16.6,49.9
06-03-2020 14:10:15,16.7,49.9
06-03-2020 14:10:18,16.7,49.9
06-03-2020 14:10:18,16.7,49.9
06-03-2020 14:10:19,16.6,49.9
06-03-2020 14:10:19,16.7,49.9
06-03-2020 14:10:20,16.7,49.9
06-03-2020 14:10:21,16.6,49.9
06-03-2020 14:10:21,16.7,49.9
06-03-2020 14:10:22,16.7,49.9
06-03-2020 14:10:22,16.6,49.8
06-03-2020 14:10:23,16.7,49.9
06-03-2020 14:10:31,16.7,49.9
06-03-2020 14:10:31,16.7,50.2
06-03-2020 14:10:32,16.7,49.9
06-03-2020 14:10:35,16.6,49.8
06-03-2020 14:10:35,16.6,49.8
06-03-2020 14:10:38,16.7,49.9
06-03-2020 14:10:39,16.7,49.9
06-03-2020 14:10:40,16.6,49.8
06-03-2020 14:10:40,16.6,49.8
06-03-2020 14:10:43,16.7,49.9
06-03-2020 14:10:44,16.7,49.9
06-03-2020 14:10:44,16.6,49.8
06-03-2020 14:10:45,16.6,49.8
06-03-2020 14:10:45,16.6,49.8
06-03-2020 14:10:46,16.7,49.8
06-03-2020 14:10:51,16.6,49.7
06-03-2020 14:10:52,16.7,49.9
06-03-2020 14:10:55,16.6,49.8
06-03-2020 14:10:55,16.7,49.9
06-03-2020 14:10:56,16.6,49.9
06-03-2020 14:10:56,16.6,49.9
06-03-2020 14:10:57,16.7,49.9
06-03-2020 14:10:58,16.6,49.9
06-03-2020 14:10:58,16.6,49.9
06-03-2020 14:10:59,16.6,49.9
06-03-2020 14:10:59,16.7,49.9
06-03-2020 14:11:00,16.6,49.9
06-03-2020 14:11:00,16.7,49.9
06-03-2020 14:11:03,16.6,49.9
06-03-2020 14:11:04,16.6,49.9
06-03-2020 14:11:04,16.6,49.9
06-03-2020 14:11:05,16.7,49.9
06-03-2020 14:11:05,16.7,49.9
06-03-2020 14:11:08,16.6,49.9
06-03-2020 14:11:09,16.7,49.9
06-03-2020 14:11:14,16.6,49.9
06-03-2020 14:11:18,16.7,49.9
06-03-2020 14:11:18,16.6,49.9
06-03-2020 14:11:19,16.6,49.8
06-03-2020 14:11:19,16.7,49.9
06-03-2020 14:11:20,16.6,49.8
06-03-2020 14:11:20,16.6,49.8
06-03-2020 14:11:21,16.7,49.9
06-03-2020 14:11:21,16.6,49.8
06-03-2020 14:11:22,16.7,49.9
06-03-2020 14:11:30,16.7,49.9
06-03-2020 14:11:30,16.6,49.8
06-03-2020 14:11:36,16.6,49.8
06-03-2020 14:11:39,16.6,49.8
06-03-2020 14:11:40,16.7,49.9
06-03-2020 14:11:40,16.7,49.9
06-03-2020 14:11:43,16.6,49.9
06-03-2020 14:11:46,16.6,49.9
06-03-2020 14:11:47,16.6,49.9
06-03-2020 14:11:50,16.6,49.9
06-03-2020 14:11:50,16.6,49.9
06-03-2020 14:11:51,16.6,49.9
06-03-2020 14:11:51,16.6,49.9
06-03-2020 14:11:52,16.6,49.9
06-03-2020 14:11:52,16.6,49.9
06-03-2020 14:11:53,16.6,49.9
06-03-2020 14:11:53,16.6,49.9
06-03-2020 14:11:54,16.6,49.9
06-03-2020 14:11:55,16.6,49.9
06-03-2020 14:11:58,16.6,49.9
06-03-2020 14:11:58,16.6,49.9
06-03-2020 14:11:59,16.6,49.9
06-03-2020 14:11:59,16.6,49.9
06-03-2020 14:12:00,16.6,49.9
06-03-2020 14:12:00,16.6,49.9
06-03-2020 14:12:01,16.6,49.9
06-03-2020 14:12:01,16.6,49.9
06-03-2020 14:12:02,16.6,49.9
06-03-2020 14:12:02,16.6,49.9
06-03-2020 14:12:03,16.6,49.9
06-03-2020 14:12:03,16.6,49.9
06-03-2020 14:12:04,16.6,49.9
06-03-2020 14:12:04,16.6,49.9
06-03-2020 14:12:05,16.6,49.9
06-03-2020 14:12:11,16.6,49.9
06-03-2020 14:12:11,16.6,49.9
06-03-2020 14:12:12,16.6,49.9
06-03-2020 14:12:12,16.7,49.9
06-03-2020 14:12:13,16.6,49.9
06-03-2020 14:12:13,16.7,49.9
06-03-2020 14:12:14,16.6,49.9
06-03-2020 14:12:14,16.6,49.9
06-03-2020 14:12:15,16.6,49.9
06-03-2020 14:12:15,16.6,49.9
06-03-2020 14:12:16,16.6,49.9
06-03-2020 14:12:19,16.6,49.9
06-03-2020 14:12:19,16.6,49.9
06-03-2020 14:12:22,16.7,49.9
06-03-2020 14:12:23,16.7,49.9
06-03-2020 14:12:26,16.6,49.8
06-03-2020 14:12:27,16.6,49.9
06-03-2020 14:12:27,16.6,49.9
06-03-2020 14:12:28,16.6,49.9
06-03-2020 14:12:28,16.6,49.8
06-03-2020 14:12:29,16.6,49.9
06-03-2020 14:12:29,16.6,49.8
06-03-2020 14:12:32,16.6,49.8
06-03-2020 14:12:33,16.6,49.9
06-03-2020 14:12:33,16.7,49.9
06-03-2020 14:12:34,16.6,49.9
06-03-2020 14:12:34,16.6,49.8
06-03-2020 14:12:37,16.7,49.9
06-03-2020 14:12:40,16.7,49.9
06-03-2020 14:12:46,16.6,49.9
06-03-2020 14:12:47,16.6,49.9
06-03-2020 14:12:47,16.6,49.9
06-03-2020 14:12:48,16.6,49.9
06-03-2020 14:12:48,16.6,49.9
06-03-2020 14:12:51,16.6,49.9
06-03-2020 14:12:52,16.6,49.9
06-03-2020 14:12:52,16.7,49.9
06-03-2020 14:12:53,16.6,49.9
06-03-2020 14:12:53,16.6,49.9
06-03-2020 14:12:54,16.6,49.9
06-03-2020 14:12:54,16.6,49.9
06-03-2020 14:12:55,16.6,49.9
06-03-2020 14:12:58,16.6,49.9
06-03-2020 14:12:58,16.6,49.9
06-03-2020 14:12:59,16.7,49.9
06-03-2020 14:13:00,16.6,49.9
06-03-2020 14:13:00,16.6,49.9
06-03-2020 14:13:01,16.7,49.9
06-03-2020 14:13:01,16.7,49.9
06-03-2020 14:13:02,16.6,49.9
06-03-2020 14:13:02,16.6,49.9
06-03-2020 14:13:03,16.6,49.9
06-03-2020 14:13:03,16.6,49.9
06-03-2020 14:13:04,16.6,49.9
06-03-2020 14:13:07,16.6,49.9
06-03-2020 14:13:07,16.7,49.9
06-03-2020 14:13:08,16.6,49.9
06-03-2020 14:13:08,16.6,49.9
06-03-2020 14:13:09,16.6,49.9
06-03-2020 14:13:12,16.6,49.9
06-03-2020 14:13:12,16.6,49.9
06-03-2020 14:13:16,16.6,49.9
06-03-2020 14:13:16,16.6,49.9
06-03-2020 14:13:17,16.6,49.9
06-03-2020 14:13:17,16.6,49.9
06-03-2020 14:13:18,16.6,49.9
06-03-2020 14:13:18,16.6,49.9
06-03-2020 14:13:19,16.6,49.9
06-03-2020 14:13:19,16.6,49.9
06-03-2020 14:13:20,16.6,49.9
06-03-2020 14:13:20,16.6,49.9
06-03-2020 14:13:21,16.6,49.9
06-03-2020 14:13:21,16.6,49.8
06-03-2020 14:13:22,16.6,49.8
06-03-2020 14:13:22,16.6,49.9
06-03-2020 14:13:23,16.6,49.9
06-03-2020 14:13:26,16.7,49.9
06-03-2020 14:13:26,16.6,49.9
06-03-2020 14:13:27,16.6,49.8
06-03-2020 14:13:28,16.6,49.8
06-03-2020 14:13:28,16.6,49.8
06-03-2020 14:13:29,16.6,49.8
06-03-2020 14:13:29,16.6,49.8
06-03-2020 14:13:30,16.6,49.8
06-03-2020 14:13:30,16.6,49.8
06-03-2020 14:13:31,16.6,49.8
06-03-2020 14:13:31,16.6,49.8
06-03-2020 14:13:32,16.6,49.8
06-03-2020 14:13:32,16.6,49.8
06-03-2020 14:13:33,16.6,49.8
06-03-2020 14:13:33,16.6,49.8
06-03-2020 14:13:34,16.6,49.8
06-03-2020 14:13:37,16.6,49.8
06-03-2020 14:13:37,16.7,49.9
06-03-2020 14:13:38,16.6,49.8
06-03-2020 14:13:38,16.6,49.8
06-03-2020 14:13:39,16.6,49.8
06-03-2020 14:13:40,16.6,49.8
06-03-2020 14:13:40,16.6,49.8
06-03-2020 14:13:41,16.6,49.8
06-03-2020 14:13:41,16.6,49.8
06-03-2020 14:13:42,16.6,49.8
06-03-2020 14:13:42,16.6,49.8
06-03-2020 14:13:43,16.6,49.8
06-03-2020 14:13:43,16.6,49.8
06-03-2020 14:13:44,16.6,49.7
06-03-2020 14:13:44,16.6,49.8
06-03-2020 14:13:45,16.6,49.7
06-03-2020 14:13:45,16.6,49.7
06-03-2020 14:13:46,16.6,49.7
06-03-2020 14:13:46,16.6,49.7
06-03-2020 14:13:47,16.6,49.8
06-03-2020 14:13:47,16.6,49.7
06-03-2020 14:13:48,16.6,49.7
06-03-2020 14:13:48,16.6,49.7
06-03-2020 14:13:52,16.6,49.7
06-03-2020 14:13:52,16.7,49.8
06-03-2020 14:13:53,16.6,49.7
06-03-2020 14:13:53,16.6,49.7
06-03-2020 14:13:54,16.6,49.7
06-03-2020 14:13:54,16.6,49.7
06-03-2020 14:13:55,16.6,49.7
06-03-2020 14:13:58,16.6,49.7
06-03-2020 14:13:58,16.7,49.8
06-03-2020 14:13:59,16.6,49.7
06-03-2020 14:13:59,16.6,49.7
06-03-2020 14:14:02,16.6,49.7
06-03-2020 14:14:03,16.7,49.8
06-03-2020 14:14:06,16.7,49.8
06-03-2020 14:14:06,16.7,49.8
06-03-2020 14:14:07,16.6,49.7
06-03-2020 14:14:08,16.6,49.7
06-03-2020 14:14:08,16.6,49.7
06-03-2020 14:14:09,16.6,49.7
06-03-2020 14:14:09,16.6,49.7
06-03-2020 14:14:10,16.6,49.7
06-03-2020 14:14:10,16.6,49.7
06-03-2020 14:14:11,16.6,49.7
06-03-2020 14:14:11,16.6,49.8
06-03-2020 14:14:12,16.6,49.7
06-03-2020 14:14:12,16.6,49.7
06-03-2020 14:14:13,16.6,49.7
06-03-2020 14:14:13,16.6,49.7
06-03-2020 14:14:14,16.6,49.7
06-03-2020 14:14:14,16.6,49.7
06-03-2020 14:14:15,16.6,49.7
06-03-2020 14:14:15,16.6,49.7
06-03-2020 14:14:16,16.6,49.7
06-03-2020 14:14:16,16.6,49.7
06-03-2020 14:14:17,16.6,49.7
06-03-2020 14:14:18,16.6,49.7
06-03-2020 14:14:18,16.6,49.7
06-03-2020 14:14:19,16.6,49.7
06-03-2020 14:14:19,16.6,49.7
06-03-2020 14:14:20,16.6,49.7
06-03-2020 14:14:20,16.6,49.7
06-03-2020 14:14:21,16.6,49.7
06-03-2020 14:14:21,16.6,49.7
06-03-2020 14:14:22,16.6,49.7
06-03-2020 14:14:22,16.6,49.7
06-03-2020 14:14:28,16.7,49.8
06-03-2020 14:14:28,16.7,49.8
06-03-2020 14:14:31,16.6,49.7
06-03-2020 14:14:32,16.7,49.8
06-03-2020 14:14:35,16.7,49.8
06-03-2020 14:14:36,16.7,49.8
06-03-2020 14:14:36,16.7,49.9
06-03-2020 14:14:37,16.6,49.8
06-03-2020 14:14:37,16.6,49.8
06-03-2020 14:14:38,16.6,49.8
06-03-2020 14:14:41,16.6,49.8
06-03-2020 14:14:41,16.7,49.9
06-03-2020 14:14:42,16.6,49.8
06-03-2020 14:14:42,16.6,49.8
06-03-2020 14:14:43,16.6,49.8
06-03-2020 14:14:43,16.6,49.8
06-03-2020 14:14:44,16.6,49.8
06-03-2020 14:14:44,16.7,49.9
06-03-2020 14:14:47,16.6,49.8
06-03-2020 14:14:48,16.7,49.9
06-03-2020 14:14:48,16.6,49.8
06-03-2020 14:14:49,16.6,49.8
06-03-2020 14:14:50,16.6,49.8
06-03-2020 14:14:50,16.6,49.8
06-03-2020 14:14:51,16.6,49.8
06-03-2020 14:14:51,16.6,49.8
06-03-2020 14:14:52,16.6,49.8
06-03-2020 14:14:52,16.6,49.8
06-03-2020 14:14:53,16.6,49.8
06-03-2020 14:14:53,16.6,49.8
06-03-2020 14:14:54,16.6,49.8
06-03-2020 14:14:57,16.6,49.5
06-03-2020 14:15:00,16.6,49.8
06-03-2020 14:15:00,16.6,49.8
06-03-2020 14:15:01,16.6,49.6
06-03-2020 14:15:01,16.6,49.8
06-03-2020 14:15:02,16.6,49.8
06-03-2020 14:15:03,16.6,49.8
06-03-2020 14:15:03,16.6,49.8
06-03-2020 14:15:09,16.7,49.8
06-03-2020 14:15:12,16.6,49.8
06-03-2020 14:15:12,16.6,49.8
06-03-2020 14:15:13,16.6,49.8
06-03-2020 14:15:13,16.6,49.8
06-03-2020 14:15:14,16.7,49.8
06-03-2020 14:15:17,16.6,49.8
06-03-2020 14:15:17,16.6,49.8
06-03-2020 14:15:20,16.6,49.8
06-03-2020 14:15:21,16.7,49.9
06-03-2020 14:15:21,16.6,49.8
06-03-2020 14:15:22,16.6,49.8
06-03-2020 14:15:22,16.6,49.8
06-03-2020 14:15:23,16.6,49.8
06-03-2020 14:15:24,16.7,49.9
06-03-2020 14:15:24,16.6,49.8
06-03-2020 14:15:25,16.6,49.8
06-03-2020 14:15:25,16.6,49.8
06-03-2020 14:15:26,16.6,49.8
06-03-2020 14:15:26,16.6,49.8
06-03-2020 14:15:27,16.6,49.8
06-03-2020 14:15:27,16.6,49.8
06-03-2020 14:15:28,16.7,49.9
06-03-2020 14:15:31,16.6,49.8
06-03-2020 14:15:31,16.7,49.9
06-03-2020 14:15:32,16.6,49.8
06-03-2020 14:15:32,16.6,49.8
06-03-2020 14:15:33,16.6,49.8
06-03-2020 14:15:33,16.6,49.8
06-03-2020 14:15:34,16.6,49.8
06-03-2020 14:15:37,16.6,49.8
06-03-2020 14:15:38,16.6,49.8
06-03-2020 14:15:38,16.6,49.8
06-03-2020 14:15:39,16.6,49.8
06-03-2020 14:15:39,16.6,49.8
06-03-2020 14:15:40,16.6,49.8
06-03-2020 14:15:40,16.6,49.8
06-03-2020 14:15:41,16.6,49.8
06-03-2020 14:15:41,16.6,49.8
06-03-2020 14:15:44,16.6,49.8
06-03-2020 14:15:45,16.7,49.8
06-03-2020 14:15:45,16.6,49.8
06-03-2020 14:15:46,16.6,49.8
06-03-2020 14:15:46,16.6,49.8
06-03-2020 14:15:47,16.6,49.8
06-03-2020 14:15:50,16.6,49.8
06-03-2020 14:15:51,16.7,49.8
06-03-2020 14:15:51,16.6,49.8
06-03-2020 14:15:52,16.7,49.8
06-03-2020 14:15:52,16.6,49.7
06-03-2020 14:15:53,16.6,49.7
06-03-2020 14:15:53,16.6,49.7
06-03-2020 14:15:54,16.6,49.7
06-03-2020 14:15:54,16.6,49.7
06-03-2020 14:15:55,16.6,49.7
06-03-2020 14:15:55,16.7,49.8
06-03-2020 14:15:58,16.6,49.7
06-03-2020 14:15:59,16.6,49.7
06-03-2020 14:16:04,16.6,49.8
06-03-2020 14:16:05,16.7,49.8
06-03-2020 14:16:05,16.7,49.8
06-03-2020 14:16:06,16.6,49.8
06-03-2020 14:16:09,16.6,49.8
06-03-2020 14:16:10,16.7,49.8
06-03-2020 14:16:10,16.6,49.8
06-03-2020 14:16:11,16.6,49.8
06-03-2020 14:16:11,16.6,49.8
06-03-2020 14:16:12,16.6,49.8
06-03-2020 14:16:17,16.7,49.9
06-03-2020 14:16:18,16.7,49.9
06-03-2020 14:16:18,16.7,49.9
06-03-2020 14:16:19,16.6,49.8
06-03-2020 14:16:19,16.7,49.9
06-03-2020 14:16:20,16.6,49.8
06-03-2020 14:16:20,16.6,49.8
06-03-2020 14:16:21,16.6,49.8
06-03-2020 14:16:24,16.6,49.8
06-03-2020 14:16:25,16.6,49.8
06-03-2020 14:16:28,16.6,49.9
06-03-2020 14:16:28,16.6,49.8
06-03-2020 14:16:29,16.6,49.8
06-03-2020 14:16:32,16.6,49.8
06-03-2020 14:16:32,16.6,49.8
06-03-2020 14:16:33,16.6,49.8
06-03-2020 14:16:33,16.6,49.8
06-03-2020 14:16:36,16.6,49.8
06-03-2020 14:16:37,16.6,49.8
06-03-2020 14:16:37,16.6,49.8
06-03-2020 14:16:38,16.6,49.8
06-03-2020 14:16:38,16.6,49.8
06-03-2020 14:16:39,16.6,49.8
06-03-2020 14:16:40,16.6,49.8
06-03-2020 14:16:43,16.6,49.8
06-03-2020 14:16:43,16.6,49.8
06-03-2020 14:16:44,16.6,49.8
06-03-2020 14:16:44,16.6,49.8
06-03-2020 14:16:45,16.6,49.8
06-03-2020 14:16:45,16.6,49.8
06-03-2020 14:16:46,16.6,49.8
06-03-2020 14:16:46,16.6,49.9
06-03-2020 14:16:47,16.6,49.8
06-03-2020 14:16:47,16.6,49.8
06-03-2020 14:16:48,16.6,49.8
06-03-2020 14:16:48,16.6,49.8
06-03-2020 14:16:49,16.6,49.8
06-03-2020 14:16:49,16.6,49.8
06-03-2020 14:16:52,16.6,49.8
06-03-2020 14:16:53,16.7,49.8
06-03-2020 14:16:54,16.6,49.8
06-03-2020 14:16:54,16.6,49.7
06-03-2020 14:16:55,16.6,49.7
06-03-2020 14:16:55,16.6,49.7
06-03-2020 14:16:56,16.6,49.7
06-03-2020 14:16:59,16.6,49.7
06-03-2020 14:16:59,16.7,49.8
06-03-2020 14:17:00,16.7,49.8
06-03-2020 14:17:03,16.6,49.7
06-03-2020 14:17:03,16.7,49.8
06-03-2020 14:17:06,16.6,49.8
06-03-2020 14:17:07,16.6,49.8
06-03-2020 14:17:07,16.6,49.8
06-03-2020 14:17:08,16.6,49.8
06-03-2020 14:17:11,16.6,49.8
06-03-2020 14:17:12,16.7,49.8
06-03-2020 14:17:12,16.6,49.8
06-03-2020 14:17:13,16.6,49.8
06-03-2020 14:17:16,16.6,49.8
06-03-2020 14:17:16,16.7,49.9
06-03-2020 14:17:19,16.6,49.8
06-03-2020 14:17:20,16.7,49.9
06-03-2020 14:17:20,16.6,49.8
06-03-2020 14:17:21,16.6,49.8
06-03-2020 14:17:21,16.6,49.8
06-03-2020 14:17:22,16.6,49.8
06-03-2020 14:17:25,16.6,49.8
06-03-2020 14:17:25,16.7,49.9
06-03-2020 14:17:26,16.6,49.8
06-03-2020 14:17:26,16.6,49.8
06-03-2020 14:17:27,16.6,49.8
06-03-2020 14:17:28,16.6,49.8
06-03-2020 14:17:28,16.6,49.8
06-03-2020 14:17:29,16.6,49.8
06-03-2020 14:17:29,16.6,49.8
06-03-2020 14:17:30,16.6,49.8
06-03-2020 14:17:30,16.6,49.8
06-03-2020 14:17:33,16.6,49.8
06-03-2020 14:17:34,16.6,49.8
06-03-2020 14:17:34,16.6,49.8
06-03-2020 14:17:35,16.6,49.8
06-03-2020 17:27:19,21.9,39.4
06-03-2020 17:28:11,21.9,39.4
06-03-2020 17:28:25,21.9,39.6
06-03-2020 17:28:56,21.9,39.6
06-03-2020 17:28:56,21.9,38.9
06-03-2020 17:28:57,21.8,38.8
06-03-2020 17:28:58,21.8,38.8
06-03-2020 17:28:59,21.9,38.8
06-03-2020 17:28:59,21.9,38.9
06-03-2020 17:29:00,21.9,38.8
06-03-2020 17:29:01,21.9,38.8
06-03-2020 17:29:02,21.8,38.8
06-03-2020 17:29:07,21.9,38.9
06-03-2020 17:29:08,21.9,38.9
06-03-2020 17:29:09,21.9,38.9
06-03-2020 17:29:09,21.9,38.9
06-03-2020 17:29:10,21.8,38.9
06-03-2020 17:29:27,21.9,38.9
06-03-2020 17:29:28,21.9,38.9
06-03-2020 17:29:29,21.9,38.9
06-03-2020 17:29:30,21.9,38.9
06-03-2020 17:29:35,21.9,39.1
06-03-2020 17:29:36,21.9,39.0
06-03-2020 17:29:37,21.9,39.0
06-03-2020 17:29:37,21.9,39.0
06-03-2020 17:29:38,21.9,43.9
06-03-2020 17:29:39,21.9,47.8
06-03-2020 17:29:40,21.9,49.6
06-03-2020 17:29:43,21.9,50.2
06-03-2020 17:29:44,21.9,48.5
06-03-2020 17:29:44,21.9,48.0
06-03-2020 17:29:48,21.9,46.8
06-03-2020 17:29:48,21.9,45.1
06-03-2020 17:29:49,21.9,44.6
06-03-2020 17:29:50,21.9,44.2
06-03-2020 17:29:50,21.9,43.8
06-03-2020 17:29:51,21.9,43.4
06-03-2020 17:29:52,21.9,43.0
06-03-2020 17:29:53,21.9,42.7
06-03-2020 17:29:53,21.9,42.4
06-03-2020 17:29:54,21.9,42.1
06-03-2020 17:30:10,22.0,39.9
06-03-2020 17:30:11,21.9,39.7
06-03-2020 17:30:16,21.9,39.7
06-03-2020 17:30:17,21.9,39.5
06-03-2020 17:30:23,21.9,39.5
06-03-2020 17:30:23,21.9,39.5
06-03-2020 17:30:24,21.9,39.5
06-03-2020 17:30:25,21.9,39.6
06-03-2020 17:30:28,21.9,39.5
06-03-2020 17:30:34,22.0,52.9
06-03-2020 17:30:37,21.9,52.0
06-03-2020 17:30:38,22.0,50.3
06-03-2020 17:30:38,21.9,49.6
06-03-2020 17:30:39,21.9,48.9
06-03-2020 17:30:40,21.9,48.2
06-03-2020 17:30:46,22.0,44.7
06-03-2020 17:30:49,21.9,42.6
06-03-2020 17:30:49,22.0,41.7
06-03-2020 17:30:53,22.0,41.3
06-03-2020 17:30:53,22.2,48.6
06-03-2020 17:30:54,22.2,50.0
06-03-2020 17:30:55,22.3,51.3
06-03-2020 17:30:55,22.4,52.1
06-03-2020 17:30:56,22.4,52.9
06-03-2020 17:30:59,22.5,52.9
06-03-2020 17:31:00,22.4,49.8
06-03-2020 17:31:01,22.3,48.9
06-03-2020 17:31:04,22.3,47.5
06-03-2020 17:31:25,22.3,39.6
06-03-2020 17:31:25,22.3,39.3
06-03-2020 17:31:26,22.2,39.2
06-03-2020 17:31:27,22.2,39.1
06-03-2020 17:31:27,22.3,39.2
06-03-2020 17:31:28,22.3,39.1
06-03-2020 17:31:29,22.3,39.1
06-03-2020 17:31:29,22.2,39.0
06-03-2020 17:31:30,22.2,39.0
06-03-2020 17:31:38,22.3,38.9
06-03-2020 17:34:39,22.0,39.2
06-03-2020 17:34:39,22.0,39.1
06-03-2020 17:34:40,22.0,39.1
06-03-2020 17:34:41,22.0,39.0
06-03-2020 17:34:41,22.0,39.0
06-03-2020 17:34:42,22.0,39.0
06-03-2020 17:34:43,22.0,38.9
06-03-2020 17:34:43,22.0,38.9
06-03-2020 17:34:44,22.0,38.8
06-03-2020 17:34:45,22.0,38.8
06-03-2020 17:34:46,22.0,38.8
06-03-2020 17:34:51,22.0,38.6
06-03-2020 17:34:52,22.0,38.6
06-03-2020 17:34:53,22.0,38.6
06-03-2020 17:34:53,22.0,38.6
06-03-2020 17:34:54,22.0,38.6
06-03-2020 17:34:57,22.0,38.6
06-03-2020 17:35:01,22.0,38.7
06-03-2020 17:35:01,22.0,38.7
06-03-2020 17:35:04,21.9,38.6
06-03-2020 17:35:05,22.0,38.7
06-03-2020 17:35:08,22.0,38.7
06-03-2020 17:35:09,22.0,38.7
06-03-2020 17:35:10,22.0,38.7
06-03-2020 17:35:10,22.0,38.7
06-03-2020 17:35:11,22.0,38.7
06-03-2020 17:35:14,22.0,38.7
06-03-2020 17:35:20,22.0,38.6
06-03-2020 17:35:21,22.0,38.5
06-03-2020 17:35:21,22.0,38.5
06-03-2020 17:35:22,22.0,38.5
06-03-2020 17:35:23,22.0,38.5
06-03-2020 17:35:26,22.0,38.5
06-03-2020 17:35:27,22.0,38.5
06-03-2020 17:35:27,22.0,38.5
06-03-2020 17:35:28,22.0,38.5
06-03-2020 17:35:36,22.0,38.6
06-03-2020 17:35:37,22.0,38.6
06-03-2020 17:35:38,22.0,38.6
06-03-2020 17:35:38,22.0,38.6
06-03-2020 17:35:42,22.0,38.7
06-03-2020 17:35:42,22.0,38.7
06-03-2020 17:35:43,22.0,38.8
06-03-2020 17:35:46,21.9,38.7
06-03-2020 17:35:47,22.0,38.8
06-03-2020 17:35:48,22.0,38.8
06-03-2020 17:35:48,21.9,38.7
06-03-2020 17:35:52,21.9,38.7
06-03-2020 17:35:52,21.9,38.7
06-03-2020 17:35:55,22.0,38.8
06-03-2020 17:35:56,22.0,38.8
06-03-2020 17:35:59,22.0,38.8
06-03-2020 17:36:00,22.0,38.9
06-03-2020 17:36:03,22.0,38.9
06-03-2020 17:36:04,22.0,38.9
06-03-2020 17:36:07,22.0,38.8
06-03-2020 17:36:08,22.0,39.1
06-03-2020 17:36:16,22.0,39.2
06-03-2020 17:36:17,22.0,39.0
06-03-2020 17:36:18,21.9,38.9
06-03-2020 17:36:18,21.9,38.9
06-03-2020 17:36:19,21.9,38.8
06-03-2020 17:36:20,21.9,38.8
06-03-2020 17:36:23,21.9,38.7
06-03-2020 17:36:37,22.0,38.6
06-03-2020 17:36:38,22.0,38.7
06-03-2020 17:36:39,22.0,38.7
06-03-2020 17:36:39,22.0,38.7
06-03-2020 17:36:40,21.9,38.6
06-03-2020 17:37:18,22.0,38.8
06-03-2020 17:37:19,22.0,38.8
06-03-2020 17:37:20,21.9,38.7
06-03-2020 17:37:20,21.9,38.8
06-03-2020 17:37:21,22.0,38.9
06-03-2020 17:37:22,22.0,39.0
06-03-2020 17:37:23,21.9,39.0
06-03-2020 17:37:24,22.0,39.1
06-03-2020 17:37:24,21.9,39.1
06-03-2020 17:37:25,21.9,39.1
06-03-2020 17:37:43,21.9,39.1
06-03-2020 17:37:46,21.9,39.2
06-03-2020 17:37:47,21.9,39.4
06-03-2020 17:37:48,21.9,39.4
06-03-2020 17:38:26,22.0,39.4
06-03-2020 17:38:29,21.9,39.2
06-03-2020 17:38:30,21.9,39.2
06-03-2020 17:38:33,21.9,39.1
06-03-2020 17:38:34,22.0,39.2
06-03-2020 17:38:38,21.9,39.1
06-03-2020 17:38:38,21.9,39.1
06-03-2020 17:38:39,21.9,39.2
06-03-2020 17:38:40,21.9,40.3
06-03-2020 17:38:46,21.9,41.6
06-03-2020 17:38:59,21.9,41.8
06-03-2020 17:39:03,22.0,40.4
06-03-2020 17:39:05,22.0,40.1
06-03-2020 17:39:06,22.0,39.9
06-03-2020 17:39:08,22.0,39.8
06-03-2020 17:39:12,22.0,39.6
06-03-2020 17:39:14,22.0,39.4
06-03-2020 17:39:21,22.0,39.1
06-03-2020 17:39:25,22.0,39.8
06-03-2020 17:40:08,22.0,39.1
06-03-2020 17:40:11,22.0,39.2
06-03-2020 17:40:12,22.0,39.2
06-03-2020 17:40:21,22.0,39.3
06-03-2020 17:40:29,22.0,39.3
06-03-2020 17:40:30,22.0,39.2
06-03-2020 17:40:31,22.0,39.2
06-03-2020 17:40:32,22.0,39.1
06-03-2020 17:40:33,22.0,39.2
06-03-2020 17:40:33,22.0,39.1
06-03-2020 17:40:34,22.0,39.1
06-03-2020 17:40:35,22.0,39.1
06-03-2020 17:40:36,22.0,39.1
06-03-2020 17:40:37,21.9,39.0
06-03-2020 17:40:37,22.0,39.0
06-03-2020 17:40:38,22.0,39.0
06-03-2020 17:40:39,22.0,39.0
06-03-2020 17:40:47,22.0,39.3
06-03-2020 17:41:00,22.0,39.0
06-03-2020 17:41:01,22.0,39.0
06-03-2020 17:41:01,22.0,38.9
06-03-2020 17:41:02,22.0,38.9
06-03-2020 17:41:03,22.0,39.0
06-03-2020 17:41:11,22.0,39.0
06-03-2020 17:41:12,22.0,39.0
06-03-2020 17:41:18,22.1,39.0
06-03-2020 17:41:21,22.0,40.2
06-03-2020 17:41:22,22.1,40.4
06-03-2020 17:41:23,22.1,40.2
06-03-2020 17:41:26,22.1,40.1
06-03-2020 17:41:33,22.1,39.9
06-03-2020 17:41:36,22.1,39.2
06-03-2020 17:41:37,22.1,39.2
06-03-2020 17:41:41,22.1,39.1
06-03-2020 17:41:41,22.1,39.1
06-03-2020 17:41:42,22.1,39.1
06-03-2020 17:41:43,22.1,39.0
06-03-2020 17:41:44,22.1,39.0
06-03-2020 17:41:50,22.1,39.0
06-03-2020 17:41:50,22.1,39.0
06-03-2020 17:41:51,22.1,39.0
06-03-2020 17:43:33,22.0,40.0
06-03-2020 17:43:39,22.0,39.6
06-03-2020 17:43:39,22.0,39.5
06-03-2020 17:43:40,22.0,39.4
06-03-2020 17:43:41,22.0,39.4
06-03-2020 17:43:42,22.0,39.3
06-03-2020 17:43:43,22.0,39.3
06-03-2020 17:43:43,22.0,39.3
06-03-2020 17:43:44,22.0,39.2
06-03-2020 17:43:45,22.0,39.2
06-03-2020 17:43:46,22.0,39.2
06-03-2020 17:43:46,22.0,39.1
06-03-2020 17:43:50,22.0,39.0
06-03-2020 17:43:51,22.0,38.9
06-03-2020 17:43:57,22.0,38.8
06-03-2020 17:43:57,22.0,38.9
06-03-2020 17:43:58,22.0,38.9
06-03-2020 17:43:59,22.0,38.9
06-03-2020 17:44:00,22.0,38.9
06-03-2020 17:44:03,22.0,38.9
06-03-2020 17:44:04,22.0,38.9
06-03-2020 17:44:05,22.0,38.9
06-03-2020 17:44:13,22.0,38.7
06-03-2020 17:44:14,22.0,38.8
06-03-2020 17:44:15,22.0,38.8
06-03-2020 17:44:15,22.0,38.8
06-03-2020 17:44:16,22.0,38.9
06-03-2020 17:44:17,22.0,38.9
06-03-2020 17:44:18,22.0,38.9
06-03-2020 17:44:19,22.0,38.9
06-03-2020 17:44:22,22.0,39.0
06-03-2020 17:44:23,22.0,39.0
06-03-2020 17:44:24,22.0,39.0
06-03-2020 17:44:24,22.0,39.0
06-03-2020 17:44:25,22.0,39.0
06-03-2020 17:44:36,22.0,39.1
06-03-2020 17:44:39,22.0,39.1
06-03-2020 17:44:45,22.0,39.2
06-03-2020 17:44:54,22.0,39.2
06-03-2020 17:44:54,22.0,39.3
06-03-2020 17:44:55,22.0,39.5
06-03-2020 17:44:56,22.0,39.7
06-03-2020 17:45:02,22.0,39.9
06-03-2020 17:45:03,22.0,39.7
06-03-2020 17:45:03,22.0,39.7
06-03-2020 17:45:04,22.0,39.6
06-03-2020 17:45:05,22.0,39.6
06-03-2020 17:45:06,22.0,39.5
06-03-2020 17:45:07,22.0,39.4
06-03-2020 17:45:08,22.0,39.4
06-03-2020 17:45:08,22.0,39.4
06-03-2020 17:45:09,22.0,39.3
06-03-2020 17:45:10,22.0,39.3
06-03-2020 17:45:16,22.0,39.2
06-03-2020 17:45:19,22.0,39.8
06-03-2020 17:45:20,22.0,40.5
06-03-2020 17:45:21,22.0,40.5
06-03-2020 17:45:27,22.0,40.3
06-03-2020 17:45:27,22.0,39.9
06-03-2020 17:45:28,22.0,39.8
06-03-2020 17:45:29,22.0,39.8
06-03-2020 17:45:37,22.1,39.6
06-03-2020 17:45:41,22.1,39.4
06-03-2020 17:45:42,22.1,39.3
06-03-2020 17:45:42,22.0,39.3
06-03-2020 17:45:51,22.1,39.1
06-03-2020 17:45:54,22.0,38.9
06-03-2020 17:46:00,22.1,38.9
06-03-2020 17:46:01,22.1,38.9
06-03-2020 17:46:09,22.1,39.1
06-03-2020 17:46:10,22.1,39.1
06-03-2020 17:46:11,22.1,39.1
06-03-2020 17:46:14,22.0,39.0
06-03-2020 17:46:15,22.0,39.0
06-03-2020 17:46:16,22.0,39.0
06-03-2020 17:46:19,22.0,39.6
06-03-2020 17:46:20,22.1,39.1
06-03-2020 17:46:20,22.1,39.0
06-03-2020 17:46:29,22.1,39.1
06-03-2020 17:46:30,22.0,39.1
06-03-2020 17:46:35,22.1,39.2
06-03-2020 17:46:36,22.1,39.1
06-03-2020 17:46:37,22.0,39.1
06-03-2020 17:46:38,22.0,39.1
06-03-2020 17:46:39,22.0,39.1
06-03-2020 17:46:39,22.0,39.1
06-03-2020 17:46:40,22.0,39.1
06-03-2020 17:46:41,22.1,39.1
06-03-2020 17:46:44,22.0,39.0
06-03-2020 17:46:45,22.1,39.1
06-03-2020 17:46:46,22.0,39.0
06-03-2020 17:46:47,22.0,39.0
06-03-2020 17:46:48,22.0,39.0
06-03-2020 17:46:53,22.1,39.0
06-03-2020 17:46:57,22.1,39.0
06-03-2020 17:46:58,22.0,39.0
06-03-2020 17:47:01,22.0,39.0
06-03-2020 17:47:04,22.0,39.0
06-03-2020 17:47:07,22.0,39.7
06-03-2020 17:47:08,22.0,39.0
06-03-2020 17:47:09,22.0,39.0
06-03-2020 17:47:10,22.1,39.1
06-03-2020 17:47:21,22.0,39.1
06-03-2020 17:47:22,22.1,39.2
06-03-2020 17:47:25,22.0,39.1
06-03-2020 17:47:26,22.1,39.1
06-03-2020 17:47:27,22.0,39.0
06-03-2020 17:47:27,22.0,39.0
06-03-2020 17:47:31,22.0,39.0
06-03-2020 17:47:31,22.1,39.1
06-03-2020 17:47:40,22.0,38.9
06-03-2020 17:47:41,22.0,39.0
06-03-2020 17:47:46,22.0,39.0
06-03-2020 17:47:50,22.0,39.1
06-03-2020 17:47:51,22.0,39.1
06-03-2020 17:47:51,22.0,39.1
06-03-2020 17:47:52,22.0,39.0
06-03-2020 17:47:55,22.0,39.1
06-03-2020 17:47:59,22.0,39.0
06-03-2020 17:47:59,22.0,39.0
06-03-2020 17:49:05,22.0,39.2
06-03-2020 17:49:05,22.0,38.6
06-03-2020 17:49:06,22.0,38.6
06-03-2020 17:49:07,22.0,38.6
06-03-2020 17:49:08,22.0,38.5
06-03-2020 17:49:11,22.0,38.5
06-03-2020 17:49:12,22.0,38.5
06-03-2020 17:49:13,22.0,38.5
06-03-2020 17:49:14,22.0,38.5
06-03-2020 17:49:17,22.0,38.4
06-03-2020 17:49:18,22.0,38.5
06-03-2020 17:49:19,22.0,38.5
06-03-2020 17:49:22,22.0,38.5
06-03-2020 17:49:23,22.0,39.4
06-03-2020 17:49:23,22.0,40.4
06-03-2020 17:49:24,22.0,41.2
06-03-2020 17:49:25,22.0,41.6
06-03-2020 17:49:28,22.0,41.8
06-03-2020 17:49:38,22.0,41.4
06-03-2020 17:49:42,22.0,40.0
06-03-2020 17:49:42,22.0,39.7
06-03-2020 17:49:43,22.0,39.6
06-03-2020 17:49:44,22.0,39.5
06-03-2020 17:49:45,22.0,39.4
06-03-2020 17:49:46,22.0,39.4
06-03-2020 17:49:49,22.0,39.3
06-03-2020 17:49:50,22.0,39.1
06-03-2020 17:49:50,22.0,39.1
06-03-2020 17:49:51,22.0,39.0
06-03-2020 17:49:52,22.0,39.0
06-03-2020 17:49:53,22.0,38.9
06-03-2020 17:49:56,22.0,38.9
06-03-2020 17:49:57,22.0,38.8
06-03-2020 17:50:00,22.1,39.5
06-03-2020 17:50:01,22.0,38.6
06-03-2020 17:50:02,22.0,38.6
06-03-2020 17:50:12,22.1,38.7
06-03-2020 17:50:12,22.1,38.9
06-03-2020 17:50:13,22.1,38.8
06-03-2020 17:50:17,22.1,38.8
06-03-2020 17:50:17,22.1,38.7
06-03-2020 17:50:18,22.1,38.7
06-03-2020 17:50:27,22.1,39.1
06-03-2020 17:50:30,22.1,38.9
06-03-2020 17:50:41,22.1,38.8
06-03-2020 17:50:42,22.1,38.7
06-03-2020 17:50:47,22.1,38.6
06-03-2020 17:50:48,22.1,38.9
06-03-2020 17:50:49,22.1,38.5
06-03-2020 17:50:52,22.1,38.5
06-03-2020 17:50:53,22.1,38.5
06-03-2020 17:50:54,22.1,38.5
06-03-2020 17:50:55,22.1,38.5
06-03-2020 17:50:58,22.1,38.5
06-03-2020 17:50:59,22.1,38.5
06-03-2020 17:51:00,22.1,38.5
06-03-2020 17:51:01,22.1,38.4
06-03-2020 17:51:04,22.1,38.4
06-03-2020 17:51:05,22.1,38.3
06-03-2020 17:51:08,22.1,38.2
06-03-2020 17:51:09,22.1,38.2
06-03-2020 17:51:10,12.8,38.3
06-03-2020 17:51:13,22.1,38.3
06-03-2020 17:51:14,22.1,38.4
06-03-2020 17:51:15,22.1,38.4
06-03-2020 17:51:15,22.1,38.4
06-03-2020 17:51:16,22.1,38.4
06-03-2020 17:51:17,22.1,38.4
06-03-2020 17:51:20,22.1,38.4
06-03-2020 17:51:21,22.1,38.4
06-03-2020 17:51:22,22.1,38.4
06-03-2020 17:51:23,22.1,38.4
06-03-2020 17:51:24,22.1,38.5
06-03-2020 17:51:24,22.1,38.5
06-03-2020 17:51:25,22.1,38.4
06-03-2020 17:51:29,22.1,38.4
06-03-2020 17:51:32,22.1,38.4
06-03-2020 17:51:33,22.1,38.5
06-03-2020 17:51:33,22.1,38.5
06-03-2020 17:51:34,22.1,38.5
06-03-2020 17:51:35,22.1,38.5
06-03-2020 17:51:36,22.1,38.5
06-03-2020 17:51:39,22.1,38.9
06-03-2020 17:51:40,22.1,38.5
06-03-2020 17:51:43,22.1,38.5
06-03-2020 17:51:44,22.1,38.5
06-03-2020 17:51:45,22.1,38.5
06-03-2020 17:51:51,22.1,38.5
06-03-2020 17:51:52,22.1,38.4
06-03-2020 17:52:00,22.1,38.5
06-03-2020 17:52:06,22.1,38.6
06-03-2020 17:52:07,22.1,38.6
06-03-2020 17:52:07,22.1,38.7
06-03-2020 17:52:13,22.1,38.7
06-03-2020 17:52:14,22.1,38.7
06-03-2020 17:52:24,22.1,38.7
06-03-2020 17:52:30,22.1,39.5
06-03-2020 17:52:30,22.1,39.3
06-03-2020 17:52:31,22.1,39.5
06-03-2020 17:52:35,22.1,39.6
06-03-2020 17:52:35,22.1,39.6
06-03-2020 17:52:46,22.1,39.6
06-03-2020 17:52:47,22.1,38.8
06-03-2020 17:52:51,22.1,38.8
06-03-2020 17:53:13,22.1,38.7
06-03-2020 17:53:13,22.1,39.5
06-03-2020 17:53:14,22.1,40.0
06-03-2020 17:53:15,22.1,40.3
06-03-2020 17:53:18,22.1,40.8
06-03-2020 17:53:19,22.1,40.9
06-03-2020 17:53:22,22.1,40.7
06-03-2020 17:53:28,22.1,40.3
06-03-2020 17:53:29,22.2,39.6
06-03-2020 17:53:29,22.1,39.4
06-03-2020 17:53:30,22.1,39.3
06-03-2020 17:53:31,22.1,39.2
06-03-2020 17:53:34,22.1,39.1
06-03-2020 17:53:35,22.2,39.0
06-03-2020 17:53:36,22.1,38.9
06-03-2020 17:53:37,22.1,38.8
06-03-2020 17:53:38,22.1,38.8
06-03-2020 17:53:38,22.1,38.8
